Date,USD_LKR,Inflation
2015-01-01,132.11,3.2
2015-02-01,132.85,2.1
2015-03-01,133.34,1.4
2015-04-01,133.62,1.2
2015-05-01,134.11,1.0
2015-06-01,134.40,1.1
2015-07-01,134.65,1.3
2015-08-01,134.90,1.5
2015-09-01,138.50,1.9
2015-10-01,141.22,3.0
2015-11-01,142.34,4.3
2015-12-01,143.60,4.8
2016-01-01,144.15,4.3
2016-02-01,144.60,3.9
2016-03-01,144.90,3.8
2016-04-01,145.42,4.3
2016-05-01,145.80,5.3
2016-06-01,146.10,6.0
2016-07-01,146.35,5.8
2016-08-01,146.50,4.5
2016-09-01,146.72,4.3
2016-10-01,147.20,4.2
2016-11-01,148.15,4.1
2016-12-01,149.20,4.2
2017-01-01,150.15,5.5
2017-02-01,151.10,6.8
2017-03-01,151.80,7.3
2017-04-01,152.25,6.9
2017-05-01,152.60,6.0
2017-06-01,153.15,6.1
2017-07-01,153.60,4.8
2017-08-01,153.12,6.0
2017-09-01,152.95,7.1
2017-10-01,153.40,7.8
2017-11-01,153.65,7.6
2017-12-01,153.55,7.1
2018-01-01,153.85,5.8
2018-02-01,154.60,4.9
2018-03-01,155.30,4.2
2018-04-01,155.95,3.8
2018-05-01,157.40,4.0
2018-06-01,158.60,4.4
2018-07-01,159.22,5.4
2018-08-01,160.45,5.9
2018-09-01,165.10,4.3
2018-10-01,171.40,3.1
2018-11-01,176.85,1.0
2018-12-01,181.30,2.8
2019-01-01,181.90,3.7
2019-02-01,178.60,4.0
2019-03-01,178.10,4.3
2019-04-01,174.90,4.5
2019-05-01,176.45,5.0
2019-06-01,176.60,3.8
2019-07-01,175.95,3.3
2019-08-01,177.30,3.4
2019-09-01,180.40,5.0
2019-10-01,181.15,5.4
2019-11-01,179.80,4.4
2019-12-01,181.10,4.8
2020-01-01,181.40,5.7
2020-02-01,181.65,6.2
2020-03-01,185.35,5.4
2020-04-01,192.50,5.2
2020-05-01,187.60,4.0
2020-06-01,186.20,3.9
2020-07-01,185.80,4.2
2020-08-01,185.10,4.1
2020-09-01,185.25,4.0
2020-10-01,184.60,4.0
2020-11-01,184.95,4.6
2020-12-01,186.40,4.2
2021-01-01,191.50,3.0
2021-02-01,194.20,3.3
2021-03-01,198.15,4.1
2021-04-01,199.80,3.9
2021-05-01,199.55,4.5
2021-06-01,200.10,5.2
2021-07-01,200.40,5.7
2021-08-01,201.35,6.0
2021-09-01,201.80,5.7
2021-10-01,202.10,7.6
2021-11-01,202.65,9.2
2021-12-01,202.90,12.1
2022-01-01,202.95,14.2
2022-02-01,202.99,15.1
2022-03-01,274.50,18.7
2022-04-01,328.10,29.8
2022-05-01,359.60,39.1
2022-06-01,360.20,54.6
2022-07-01,361.40,60.8
2022-08-01,361.15,64.3
2022-09-01,362.45,69.8
2022-10-01,363.10,66.0
2022-11-01,363.40,61.0
2022-12-01,363.15,57.2
2023-01-01,362.90,54.2
2023-02-01,361.80,50.6
2023-03-01,335.40,50.3
2023-04-01,322.10,35.3
2023-05-01,308.20,25.2
2023-06-01,304.50,12.0
2023-07-01,312.40,6.3
2023-08-01,321.80,4.0
2023-09-01,323.95,1.3
2023-10-01,324.20,1.5
2023-11-01,327.40,3.4
2023-12-01,326.85,4.0
2024-01-01,321.40,6.4
2024-02-01,312.80,5.9
2024-03-01,305.20,0.9
2024-04-01,298.45,1.5
2024-05-01,299.10,0.9
2024-06-01,303.40,1.7
2024-07-01,303.80,2.4
2024-08-01,300.25,0.5
2024-09-01,299.40,-0.5
2024-10-01,293.15,-0.8
2024-11-01,291.45,-2.1
2024-12-01,290.80,-1.6
2025-01-01,290.95,-0.7
2025-02-01,293.10,0.3
2025-03-01,297.20,1.2
2025-04-01,298.50,0.8
2025-05-01,299.15,0.4
2025-06-01,301.10,-0.2
2025-07-01,302.35,-1.1
2025-08-01,302.80,-1.4
2025-09-01,303.15,-2.3
2025-10-01,304.20,-3.4
2025-11-01,305.10,-4.1
2025-12-01,305.85,-3.8
2026-01-01,306.20,-3.1
2026-02-01,305.90,-2.5
2026-03-01,304.15,-1.8
2026-04-01,302.75,-1.2
2026-05-01,301.20,-0.6
2026-06-01,298.95,0.3
2026-07-01,297.40,0.9
2026-08-01,296.85,1.2
