Date,Total_Arrivals
2015-01-01,156246.0
2015-02-01,165541.0
2015-03-01,157051.0
2015-04-01,122217.0
2015-05-01,113529.0
2015-06-01,115467.0
2015-07-01,175804.0
2015-08-01,166610.0
2015-09-01,143374.0
2015-10-01,132280.0
2015-11-01,144147.0
2015-12-01,206114.0
2016-01-01,194280.0
2016-02-01,197697.0
2016-03-01,192841.0
2016-04-01,136367.0
2016-05-01,125044.0
2016-06-01,118038.0
2016-07-01,209351.0
2016-08-01,186288.0
2016-09-01,148499.0
2016-10-01,150419.0
2016-11-01,167217.0
2016-12-01,224791.0
2017-01-01,219360.0
2017-02-01,197517.0
2017-03-01,188076.0
2017-04-01,160249.0
2017-05-01,121891.0
2017-06-01,123351.0
2017-07-01,205482.0
2017-08-01,190928.0
2017-09-01,145077.0
2017-10-01,152429.0
2017-11-01,167511.0
2017-12-01,244536.0
2018-01-01,238924.0
2018-02-01,235618.0
2018-03-01,233382.0
2018-04-01,180429.0
2018-05-01,129466.0
2018-06-01,146828.0
2018-07-01,217829.0
2018-08-01,200359.0
2018-09-01,149087.0
2018-10-01,153123.0
2018-11-01,195582.0
2018-12-01,253169.0
2019-01-01,244239.0
2019-02-01,252033.0
2019-03-01,244328.0
2019-04-01,166975.0
2019-05-01,37802.0
2019-06-01,63072.0
2019-07-01,115701.0
2019-08-01,143587.0
2019-09-01,108575.0
2019-10-01,118743.0
2019-11-01,176984.0
2019-12-01,241663.0
2020-01-01,228434.0
2020-02-01,207507.0
2020-03-01,71370.0
2020-04-01,0.0
2020-05-01,0.0
2020-06-01,0.0
2020-07-01,0.0
2020-08-01,0.0
2020-09-01,0.0
2020-10-01,0.0
2020-11-01,0.0
2020-12-01,393.0
2021-01-01,1682.0
2021-02-01,3366.0
2021-03-01,4581.0
2021-04-01,4168.0
2021-05-01,1497.0
2021-06-01,1614.0
2021-07-01,2429.0
2021-08-01,5040.0
2021-09-01,13547.0
2021-10-01,22771.0
2021-11-01,44294.0
2021-12-01,89506.0
2022-01-01,82327.0
2022-02-01,96507.0
2022-03-01,106500.0
2022-04-01,62980.0
2022-05-01,30207.0
2022-06-01,32856.0
2022-07-01,47293.0
2022-08-01,37760.0
2022-09-01,29802.0
2022-10-01,42026.0
2022-11-01,59759.0
2022-12-01,91961.0
2023-01-01,102545.0
2023-02-01,107639.0
2023-03-01,125495.0
2023-04-01,105498.0
2023-05-01,83309.0
2023-06-01,100388.0
2023-07-01,143039.0
2023-08-01,136405.0
2023-09-01,111938.0
2023-10-01,109199.0
2023-11-01,151496.0
2023-12-01,210352.0
2024-01-01,208253.0
2024-02-01,218350.0
2024-03-01,209181.0
2024-04-01,148867.0
2024-05-01,112128.0
2024-06-01,113470.0
2024-07-01,187810.0
2024-08-01,164609.0
2024-09-01,122140.0
2024-10-01,135907.0
2024-11-01,184158.0
2024-12-01,248592.0
2025-01-01,252761.0
2025-02-01,240217.0
2025-03-01,229298.0
2025-04-01,174608.0
2025-05-01,132919.0
2025-06-01,138241.0
2025-07-01,200244.0
2025-08-01,198235.0
2025-09-01,158971.0
2025-10-01,165193.0
2025-11-01,212906.0
2025-12-01,258928.0
2026-01-01,277327.0
2026-02-01,279328.0
2026-03-01,183979.0
2026-04-01,135643.0
2026-05-01,145745.0
2026-06-01,124551.0
2026-07-01,196845.0
2026-08-01,191704.0
